nome,endereco,cidade,telefone,lat,lng
KITANDODO LEAO,QDA 404 NORTE RUA 17 ARNE 51 S/NPLANO DIRETOR NORTEPALMASTO,PALMAS,,-10.1668,-48.320712
AMPM02,"QDA 406 NORTE AV NS6 LT 01 PAC, 1PLANO DIRETOR NORTEPALMASTO",PALMAS,,-10.168776,-48.317802
DIST PARAZINHO,QDA ARNO 32 AL CIRCULAR S/NPLANO DIRETOR NORTEPALMASTO,PALMAS,,-10.165621,-48.341853
MINHA QUINTANDINHA,QDA 304 NORTE ALAMEDA 1 S/NPLANO DIRETOR NORTEPALMASTO,PALMAS,,-10.16287,-48.312789
ESPETO AO PONTO,QDA ACSU NE S3 AVENIDA LO 14 S/NPLANO DIRETOR NORTEPALMASTO,PALMAS,,-10.168279,-48.315603
CONVENIENCIA JK.,"QDA 110 NORTE AVENIDA NS 10, 41PLANO DIRETOR NORTEPALMASTO",PALMAS,,-10.182865,-48.30766
EMPORIO GRILL,QDA 508 NORTE AVENIDA LO 14 LOTE 07 S/NPLANO DIRETOR NORTEPALMASTO,PALMAS,,-10.167778,-48.310555
TAMANHO FAMILIA,"QDA 506 NORTE AVENIDA LO 16LT 20, 20PLANO DIRETOR NORTEPALMASTO",PALMAS,,-10.163706,-48.312888
CONV SHALOM,QDA 404 N AV NS2 LT PAC1 S/NPLANO DIRETOR NORTEPALMASTO,PALMAS,,-10.167694,-48.325344
DIST PAGUE MENOS  01,QDA 305 NORTE RUA 9 LOTE 28 S/NPLANO DIRETOR NORTEPALMASTO,PALMAS,,-10.165807,-48.34196
BAR DO BOZO,"QDA ARNE 53 AV LO 14 LOTE 14, 14PLANO DIRETOR NORTEPALMASTO",PALMAS,,-10.167916,-48.315288
SUPER PALMAS SUPERME,"QDA 406 NORTE AVENIDA LO 14, 46PLANO DIRETOR NORTEPALMASTO",PALMAS,,-10.168333,-48.31361
SUP DO PAPAI,QDA 108 NORTE ALAMEDA 8 LOTE 01 SALA 02 S/NPLANO DIRETOR NORTEPALMASTO,PALMAS,,-10.181666,-48.316387
POINT BEER CONV DIST,QDA QDA ARNE 63 SN NS 08 LT 01 CX 03 S/NPALMAS BR NORTEPALMASTO,PALMAS,,-10.167034,-48.312452
BAHAMAS BAR       01,QDA 303 N AL 07 QI 09 LT 26 S/NPLANO DIRETOR NORTEPALMASTO,PALMAS,,-10.168056,-48.336388
CASA DI MARCO,"QDA ARNE 13 AL 10 N 02 QI H LT 01, 1PLANO DIRETOR NORTEPALMASTO",PALMAS,,-10.180853,-48.316525
SUNSET,QDA 108 NORTE ARNE 13 AL 03 N 37 S/NPLANO DIRETOR NORTEPALMASTO,PALMAS,,-10.181923,-48.316647
CASA DE CARNES ALVOR,QDA 506 NORTE AV LO 14LT 20 SL 01 S/NPLANO DIRETOR NORTEPALMASTO,PALMAS,,-10.16779,-48.314004
BAR TORRESMO,QDA 504 NORTE AVENIDA LO 14 LOTE 18 S/NPLANO DIRETOR NORTEPALMASTO,PALMAS,,-10.165961,-48.320564
SUPERMERCADO POTY 01,QDA ARNO 42 AL 10N S/N -QDA 405PLANO DIRETOR NORTEPALMASTO,PALMAS,,-10.162341,-48.343501
SUPERMERCA PALACINHO,QDA ARNE 24 AV LO 12 LT06 S/N -APT07CENTROPALMASTO,PALMAS,,-10.172722,-48.308805
BAR DA DORINHA,QDA 404 NORTE AVENIDA LO 14 LOTE 04 S/NPLANO DIRETOR NORTEPALMASTO,PALMAS,,-10.165556,-48.321667
CARNEIROS BAR,QDA 605 NORTE AVENIDA LO 16 LOTE 20 SALA 01  S/N -PLANO DIRETOR NORTEPALMASTO,PALMAS,,-10.16355,-48.30941
SUPERMERCADO SILVA,"QDA 403 NORTE AV LO 10 LOTE 03, 3PLANO DIRETOR NORTEPALMASTO",PALMAS,,-10.16543,-48.339966
IDEAL DISTRIBUIDORA,"QDA 403 NORTE AVENIDA LO 10 QDA NO 41 LT, 31PLANO DIRETOR NORTEPALMASTO",PALMAS,,-10.165,-48.33889
BECKS MINI BOX E DIS,QDA ARNO 31 AL 15 QD 303 NORTE LT 17 SALA 3  S/NPLANO DIRETOR NORTEPALMASTO,PALMAS,,-10.169107,-48.341291
DIST MENDANHA,QDA 303 NORTE ALAMEDA 7 LOTE 16 QI 8 CS 01 S/NPLANO DIRETOR NORTEPALMASTO,PALMAS,,-10.167484,-48.338715
POLLY BAR,QDA 303 NORTE ALAMEDA 16 LOTE 01 S/NPLANO DIRETOR NORTEPALMASTO,PALMAS,,-10.1675,-48.34028
AROEIRAS BAR      01,QDA 106 NORTE ALAMEDA 9 S/NPLANO DIRETOR NORTEPALMASTO,PALMAS,,-10.180833,-48.322224
ADEGA 46,AV AV LO 10 ARNO 32 NO LT 14 CS 07 S/NPLANO DIRETOR NORTEPALMASTO,PALMAS,,-10.164711,-48.343505
SUPERMERCADO MOREIRA,"QDA 305 NORTE ALAMEDA CIRCULAR LT 25 RUA 12, 88 -QPLANO DIRETOR NORTEPALMASTO",PALMAS,,-10.167222,-48.3425
SHOYO SUSHI,"QDA ARNE 12 AV JK NE 12 LOTE 11, 75PLANO DIRETOR NORTEPALMASTO",PALMAS,,-10.184188,-48.32224
SPETOS DELICIA DA JO,QDA ARNE 64 AV LO 14 LT 26 S/N -SL 03PLANO DIRETOR NORTEPALMASTO,PALMAS,,-10.167755,-48.308217
DIST DE BEB COSTA 01,QDA 1106 SUL AVENIDA NS 4 QDA 106 AL 17 S/NPLANO DIRETOR SULPALMASTO,PALMAS,,-10.254275,-48.324043
MINEIRAO,QDA ARSE 111 ALAMEDA 4 S/NPLANO DIRETOR SULPALMASTO,PALMAS,,-10.249203,-48.326243
ERIKA APARECIDA,"QDA ARSE 102 AL 19, 12PLANO DIRETOR SULPALMASTO",PALMAS,,-10.248924,-48.323247
ARENA FEST EVENTOS,QDA ARSE 115 ALAMEDA 4 LOTE 8 S/NPLANO DIRETOR SULPALMASTO,PALMAS,,-10.251643,-48.31758
REST BOM PALADAR  02,QDA 1106 S AV LO 27 SE 112 LT 09 S/NPLANO DIRETOR SULPALMASTO,PALMAS,,-10.255278,-48.321667
ODESSA RESTAURANTE,"QDA 1104 SUL AL 05 LT 01, 28PLANO DIRETOR SULPALMASTO",PALMAS,,-10.252222,-48.32639
JP BAR E CONVENIENCI,QDA 1206 SUL AL 16 LT 02 SALA 5 S/NPLANO DIRETOR SULPALMASTO,PALMAS,,-10.255278,-48.320835
EI PIZZA,"QDA 1006 SUL AV LO 23 ACSV SE 102 LT 01, 1PLANO DIRETOR SULPALMASTO",PALMAS,,-10.242947,-48.323129
DL RESTAURANTE,QDA 1112 SUL ALAMEDA 4 S/NPLANO DIRETOR SULPALMASTO,PALMAS,,-10.25036,-48.315572
CHEFINHOS BAR E REST,QDA ARSE 112 QUIOSQUE NA AV 27 S/NPLANO DIRETOR SULPALMASTO,PALMAS,,-10.255072,-48.321068
ADRIANA CHOPP,QDA 904 SUL AVENIDA NS 4 LOTE 16 SALA 02 S/NPLANO DIRETOR SULPALMASTO,PALMAS,,-10.240905,-48.32434
RESTAURANTE DA LOIRA,QDA 1106 SUL ALAMEDA 8 N 16 LT 01 S/NPLANO DIRETOR SULPALMASTO,PALMAS,,-10.250277,-48.321945
GELLOS BAR E DIST,QDA ACSE 112 N 20 SALA 01 S/N -LT 13PLANO DIRETOR SULPALMASTO,PALMAS,,-10.25502,-48.32143
EMPORIO RODRIGUES 01,QDA 1004 SUL AVENIDA LO 25 S/NPLANO DIRETOR SULPALMASTO,PALMAS,,-10.248881,-48.326864
REDE DITO DIST E LOG,QDA ARSO 151 HM 9 AL 37 LT 7 S/NPLANO DIRETOR SULPALMASTO,PALMAS,,-10.278388,-48.336228
CHAMBARI CAIPIRAO,QDA QUADRA 1106 SUL ALAMEDA 30 QI 38 LOTE 6  S/NPLANO DIRETOR SULPALMASTO,PALMAS,,-10.249335,-48.318489
IMPERIO DO ESPETO 01,"QDA 1106 SUL ALAMEDA 15 LT QI 7, 1PLANO DIRETOR SULPALMASTO",PALMAS,,-10.253794,-48.323998
BOUTIQUE DA CARNE 01,QDA 1106 SUL ALAMEDA 30 QI 38 LOTE 06 S/NPLANO DIRETOR SULPALMASTO,PALMAS,,-10.249192,-48.318783
GELLUS BEBIDAS,QDA 1106 SUL AV LO 27 N 20 LOTE 13 S/NPLANO DIRETOR SULPALMASTO,PALMAS,,-10.255,-48.32139
VITRINE,QDA 1112SUL ALMEDA 07 QIJ LT01 S/N -SALA02PLANO DIRETOR SULPALMASTO,PALMAS,,-10.251667,-48.314724
ESPETO NO PONTO,"QDA 1106 SUL ALAMEDA 15, 2PLANO DIRETOR SULPALMASTO",PALMAS,,-10.254167,-48.324165
DIST DO OLIVEIRA,"QDA 1106 SUL ALAMEDA 24 QD 112 LT 44, 44PLANO DIRETOR SULPALMASTO",PALMAS,,-10.252535,-48.320045
SABORES GATROBAR,QDA 1104 SUL AL 6 ARSE 111 LT 9 CS 02 S/NPLANO DIRETOR SULPALMASTO,PALMAS,,-10.251721,-48.327114
SAN DOG LANCHONETE,QDA ARSE 112 ALAMEDA 47 LOTE 14 S/NPLANO DIRETOR SULPALMASTO,PALMAS,,-10.2534,-48.317669
PEG PAG MAGALHAES,"QDA 29 ANTONIO FERREIRA SANTOS, 563CENTROSILVANOPOLISTO",SILVANOPOLIS,,-11.150808,-48.17125
LANC BEM ACOMPANH SM,RUA DOMINGOS ATONIO GONSALVES S/NCENTROSANTA ROSA DO TOCANTINSTO,SANTA ROSA DO TOCANTINS,,-11.444564,-48.117336
CAROL LANCHES,AV ALICE AIRES S/NCENTROSANTA ROSA DO TOCANTINSTO,SANTA ROSA DO TOCANTINS,,-11.449612,-48.118183
FONTOURA BEBIDAS DIS,RUA FRANCISCO GUIMARAES SN S/NCENTROSILVANOPOLISTO,SILVANOPOLIS,,-11.149511,-48.169948
DIST DE BEB DO LEO,RUA FRANCISCO GUIMARAES LT 0 S/NCENTROSILVANOPOLISTO,SILVANOPOLIS,,-11.149732,-48.167777
BAR E DIST PAI E FIL,RUA FAZENDA 3M S/NCENTROSANTA ROSA DO TOCANTINSTO,SANTA ROSA DO TOCANTINS,,-11.45183,-48.110404
BAR ROBSON,RUA 48 0 ST OESTE S/NSETOR OESTESILVANOPOLISTO,SILVANOPOLIS,,-11.147615,-48.18285
BAR E MERC SANTOS,AV AVENIDA BERTULINO DE SOUZA 521 S/NCENTROSILVANOPOLISTO,SILVANOPOLIS,,-11.148056,-48.172222
MERCEARIA COSTA,RUA 50 QD 85 LOTE 12 SN S/NSETOR SULSILVANOPOLISTO,SILVANOPOLIS,,-11.14992,-48.17869
BAR DO DOMINGOS I.,RUA 50 SN S/NCENTROSILVANOPOLISTO,SILVANOPOLIS,,-11.151938,-48.177853
ESPETAO DO NENEM,AV CASTELO BRANCO SN S/NSETOR SULSILVANOPOLISTO,SILVANOPOLIS,,-11.151415,-48.176316
CENTRAL BAR       02,RUA JOSE GUIMARAES 10A S/NCENTROSILVANOPOLISTO,SILVANOPOLIS,,-11.152254,-48.172454
BAR DO ZINCO,"AV CAETANO GUIMARAES, 46CENTROSILVANOPOLISTO",SILVANOPOLIS,,-11.157137,-48.170383
PEG PAG MENOS02,"RUA ANDRE NUNES QUADRA 05 LOTE 05, 91CENTROSANTA ROSA DO TOCANTINSTO",SANTA ROSA DO TOCANTINS,,-11.446591,-48.119415
HOTEL E REST VERON,ROD BR 010 S/NCENTROSANTA ROSA DO TOCANTINSTO,SANTA ROSA DO TOCANTINS,,-11.443807,-48.117064
MERC DO HOSTERNO,AV CASTELO BRANCO ST SUL S/NCENTROSILVANOPOLISTO,SILVANOPOLIS,,-11.148005,-48.177874
REAL DIST DE BEBIDAS,RUA ANDRE NUNES DA SILVA SALA 2 S/NCENTROSANTA ROSA DO TOCANTINSTO,SANTA ROSA DO TOCANTINS,,-11.447093,-48.119713
DIST RODRIGUES    01,RUA ONOFRE ANTONIO GONCALVES S/N -QD 23 LT18CENTROSANTA ROSA DO TOCANTINSTO,SANTA ROSA DO TOCANTINS,,-11.451382,-48.11982
EXCLUSIVA DIST BEBID,"RUA JOSE GUIMARAES SN, 401CENTROSILVANOPOLISTO",SILVANOPOLIS,,-11.151104,-48.172215
CORUJAO BURGUER,AV BERTULINO DE SOUZA S/NCENTROSILVANOPOLISTO,SILVANOPOLIS,,-11.148641,-48.171683
MERC E DIST GOMES,RUA RUA ALICE AIRES QDA 7 LOTE 9 S/NCENTROSANTA ROSA DO TOCANTINSTO,SANTA ROSA DO TOCANTINS,,-11.447614,-48.11877
BAR MAO BANCA,"RUA ANDRESSA PERERIA 410, 410CENTOSILVANOPOLISTO",SILVANOPOLIS,,-11.152863,-48.172682
DIST DA DALVA,"AV 7 DE SETEMBRO QDA 49 LOTE 28, 1CENTROSILVANOPOLISTO",SILVANOPOLIS,,-11.149397,-48.17464
B E A CALDOS,"RUA JOSE GUIMARAES 01, 1CENTROSILVANOPOLISTO",SILVANOPOLIS,,-11.147511,-48.171246
QUIOSQUE SANTINHA,RUA JOSE MARTINS TORRES ESQUINAO 10 S/NCENTROSANTA ROSA DO TOCANTINSTO,SANTA ROSA DO TOCANTINS,,-11.448408,-48.118611
ESTACAO DA CERVEJA,RUA ALICE AIRES SN S/NCENTROSANTA ROSA DO TOCANTINSTO,SANTA ROSA DO TOCANTINS,,-11.445793,-48.11865
BAR 5 ESTRELAS,RUA ANDRE NUNES.. S/NCENTROSANTA ROSA DO TOCANTINSTO,SANTA ROSA DO TOCANTINS,,-11.447583,-48.120193
SUPERMERCADO EDICASA,AV ALICE AIRES QDA 19 LT 01 S/NCENTROSANTA ROSA DO TOCANTINSTO,SANTA ROSA DO TOCANTINS,,-11.45055,-48.118046
CASA DE CARNE E MEC,"RUA CAETANO GUIMARAES ESQ COM A RUA 24 QDA33, 15CENTROSILVANOPOLISTO",SILVANOPOLIS,,-11.15164,-48.174028
BAR DO OROMAR     01,AV JOSE MARTINS TORRES S N S/NCENTROSANTA ROSA DO TOCANTINSTO,SANTA ROSA DO TOCANTINS,,-11.44898,-48.12075
MERCEARIA MORENO,RUA DA RODOVIARIA S/NCENTROSILVANOPOLISTO,SILVANOPOLIS,,-11.150982,-48.170555
CASA DE CAR E COM JC,"RUA ALICE AYRES N 415 SALA 01, 415CENTROSANTA ROSA DO TOCANTINSTO",SANTA ROSA DO TOCANTINS,,-11.450932,-48.11779
FERNANDAO DISTRIBU01,AV JOSE MARTINS TORRES S/NCENTROSANTA ROSA DO TOCANTINSTO,SANTA ROSA DO TOCANTINS,,-11.447969,-48.116513
BAR E MER ENCONTRO A,RUA CRISPIM FERREIRA NETO S/NCENTROSANTA ROSA DO TOCANTINSTO,SANTA ROSA DO TOCANTINS,,-11.450809,-48.119488
DISTR MUNDO GELADO,RUA SIRQUEIRA CAMPOS S/NCENTROSANTA ROSA DO TOCANTINSTO,SANTA ROSA DO TOCANTINS,,-11.447749,-48.116106
PY BEBIDAS,AV ALICE AIRES SN S/NCENTROSANTA ROSA DO TOCANTINSTO,SANTA ROSA DO TOCANTINS,,-11.448166,-48.118588
PANIF PAO DE MEL  03,AV CASTELO BRANCO LT 02 S/NSETOR OESTESILVANOPOLISTO,SILVANOPOLIS,,-11.148682,-48.178955
COMERCIAL GOMES   04,"AV FRANCISCO GUIMARAES, 880SETOR SULSILVANOPOLISTO",SILVANOPOLIS,,-11.149188,-48.171776
NEVES DISTRIBUIDORA,AV ANDREZA F DOS SANTOS SALA 01 S/NCENTROSILVANOPOLISTO,SILVANOPOLIS,,-11.15251,-48.170834
DIST 24 HORA,AV BRASILIA SN S/NSETOR AEROPORTOSILVANOPOLISTO,SILVANOPOLIS,,-11.150753,-48.168133
CHURRASCARI AROEIRA,"RUA 46 SN QD 81 LOTE 11 AO 16, 1SETOR SULSILVANOPOLISTO",SILVANOPOLIS,,-11.15077,-48.181335
BRASEIRO SPETUS,RUA JOSE GUIMARAES 0 LT 5 S/N -QDA 33CENTROSILVANOPOLISTO,SILVANOPOLIS,,-11.15229,-48.172306
RECANTO QUERIDO,AV RIO GRANDE DO SUL S/NJARDIM QUERIDOPORTO NACIONALTO,PORTO NACIONAL,,-10.707222,-48.400276
BAR DO RAIMUNDO   02,"AV SAO PAULO QDA 18 LT 05, 3JARDIM QUERIDOPORTO NACIONALTO",PORTO NACIONAL,,-10.706171,-48.39806
MERC FIGUEREDO,RUA PALMEIRA SN QDA 01 LT 24 S/NJD QUERIDOPORTO NACIONALTO,PORTO NACIONAL,,-10.70874,-48.396984
ALEX BEER,"AV MANOEL JOSE PEDREIRA QD K LT 10, 860SETOR AEROPORTOPORTO NACIONALTO",PORTO NACIONAL,,-10.707885,-48.402788
BAR DA TIA BENE,"RUA JOSE PEREIRA DE MSACEDO, 1321CONSORCIOPORTO NACIONALTO",PORTO NACIONAL,,-10.704028,-48.407574
SUPER BOX J.M.,"AV MANOEL JOSE PEDREIRA QD K LOTE, 30SETOR AEROPORTOPORTO NACIONALTO",PORTO NACIONAL,,-10.708525,-48.403282
DIST E MERC DO TEO,RUA GUARANI CASA 02 QD 19 LOTE 01 S/NJARDIM QUERIDOPORTO NACIONALTO,PORTO NACIONAL,,-10.704166,-48.398613
BAR DO ROLANO,"AV AVENIDA SAO PAULO 2175, 499JARDIM QUERIDOPORTO NACIONALTO",PORTO NACIONAL,,-10.705277,-48.399445
ESPORTIVOS BAR,AV ANIZIO ALVES COSTA N1188 S/NJARDIM BRASILIAAPORTO NACIONALTO,PORTO NACIONAL,,-10.713958,-48.412752
PINGUIM,AV AV DAS NACOES UNIDAS S/NCENTROPORTO NACIONALTO,PORTO NACIONAL,,-10.69343,-48.408386
MERCEARIA DO MARIO,RUA GUARANI QUADRA 15 LOTE 10 S/NJARDIM QUERIDOPORTO NACIONALTO,PORTO NACIONAL,,-10.704499,-48.398735
DEUSDETE DE OLIVEIRA,RUA RUA AIRES JOCA NUMERO 1752 S/NCENTROPORTO NACIONALTO,PORTO NACIONAL,,-10.708729,-48.41511
ROTA 050,AV SOROCABA FRENTE N 2296 S/NJARDIM QUERIDOPORTO NACIONALTO,PORTO NACIONAL,,-10.703442,-48.397692
CHURRASCARIA PENTA,RUA IBANES AIRES QUADRA E LOTE 02 S/NSETOR AEROPORTOPORTO NACIONALTO,PORTO NACIONAL,,-10.710426,-48.406868
SUP SOCIEDADE,AV GOIAS QUADRA 07 LOTE 10 S/NJARDIM QUERIDOPORTO NACIONALTO,PORTO NACIONAL,,-10.704061,-48.401222
MERCEARIA DO ROMILDO,AV MINAS GERAIS S/N QUADRA 01 LOTE 01JARDIM QUERIDOPORTO NACIONALTO,PORTO NACIONAL,,-10.707082,-48.398697
AERO BEBIDAS      01,RUA 3 PREFEITO RAFAEL BELLES N 965 S/N -LOTE01JARDIM BRASILIAPORTO NACIONALTO,PORTO NACIONAL,,-10.717338,-48.412045
BAR DA VANDA,RUA ENG LUIZ CRULS N S/NJARDIM BRASILIAPORTO NACIONALTO,PORTO NACIONAL,,-10.717067,-48.410408
BAR DO CUNHA,AV RIO GRANDE DO SUL 605 CASA 01 S/NJD QUERIDOPORTO NACIONALTO,PORTO NACIONAL,,-10.706582,-48.399933
BAR FIM DE TARDE  19,RUA 19 SN S/NBELA VISTAPUGMILTO,PUGMIL,,-10.424723,-48.90222
DIST MARTINS E VARIE,AV MADRE VERONICA SN LT 08 QDA 67 S/NCENTROCRISTALANDIATO,CRISTALANDIA,,-10.603652,-49.197148
JB BAR MERCEARIA,AV BERNARDO SAYAO SN SALA 02 S/NCENTROPUGMILTO,PUGMIL,,-10.426794,-49.001045
ESPETINHO DA GLEICE,RUA PRINCIPAL DONA AN FERREIRA DE CARVALHO S/NSETOR AEROPORTOPIUMTO,PIUM,,-10.445736,-49.171658
DISTRIBUIDORA LG,MUN PARAISO DO TOCANTINS S/NCENTROPARAISO DO TOCANTINSTO,PARAISO DO TOCANTINS,,-10.193714,-48.896269
MINI BOX PIUM,RUA RUA AGRARIO JOSE DOS SANTOS LT 11 QDA 11 S/NST JARDIM AMERICAPIUMTO,PIUM,,-10.441298,-49.177391
MAX BAR           01,"AV TOCANTINS, 197CENTROPIUMTO",PIUM,,-10.440708,-49.181686
CLEITIN SUPERMERCADO,AV AV SANTOS DUMONT 1010 QD 17 LT 22 CX 04  S/NVL MILENAPARAISO DO TOCANTINSTO,PARAISO DO TOCANTINS,,-10.159535,-48.886689
BAR RAIO DE SOL   01,"RUA SAO JORGE SNQD13 LT 8, 300CENTROCRISTALANDIATO",CRISTALANDIA,,-10.610833,-49.204166
DIST DO RENATO,RUA AMELIA TEREZA S/NCENTROPUGMILTO,PUGMIL,,-10.42969,-48.896584
BAR ENC DAS BOLAS,RUA 12 S/NCENTROPIUMTO,PIUM,,-10.439747,-49.179527
BAR A M,"AV CONTORNO, 967SETOR AEROPORTOCRISTALANDIATO",CRISTALANDIA,,-10.609167,-49.20111
COMERCIAL PAIOL   01,AV JOAO PIRES QUERIDO QDA 31 LT 03 CS 02 S/NCENTROCRISTALANDIATO,CRISTALANDIA,,-10.603751,-49.194666
IMPERIAL BAR E REST,RUA BRASILIA S/NSEOTR OESTEPUGMILTO,PUGMIL,,-10.424545,-48.89848
SUNSET GRILL,AV A PRACA SANTOS DUMONT S/NSETOR MILENAPARAISO DO TOCANTINSTO,PARAISO DO TOCANTINS,,-10.156389,-48.886112
BAR DO CABECAO,AV AVENIDA BERNARDO SAYAO SN CENTRO S/NCENTRONOVA ROSALANDIATO,NOVA ROSALANDIA,,-10.577525,-49.013045
BAR EMOCAO,AV CONTORNO S/N**SETOR AEROPORTOCRISTALANDIATO,CRISTALANDIA,,-10.608978,-49.20265
BARRACA MINEIRA,RUA GETULIO VARGAS S/NCENTRONOVA ROSALANDIATO,NOVA ROSALANDIA,,-10.579173,-49.013416
DIST DE BEBIDAS HIPE,AV BERNARDO SAIAO SN S/NCENTRONOVA ROSALANDIATO,NOVA ROSALANDIA,,-10.428211,-48.999947
RESTAURANTE CHAPADAO,LOT ST LUZIA LOTE 148 S/NCHAPADAOPARAISO DO TOCANTINSTO,PARAISO DO TOCANTINS,,-10.147034,-48.884735
ESPETOS ESPERTO,"AV TRANSBRASILIANA -, 32CENTROPUGMILTO",PUGMIL,,-10.4258,-48.89779
BAR DO NOVINHO,RUA 37 S/NSETOR MILENAPARAISO DO TOCANTINSTO,PARAISO DO TOCANTINS,,-10.155606,-48.885376
REIS COMERCIAL DE BE,RUA LENO CAVALCANTE SOARES SN S/NAEROPORTOPIUMTO,PIUM,,-10.446143,-49.171579
CASA DAS CARNES DIST,MUN CRISTALANDIA S/NCENTROPARAISO DO TOCANTINSTO,PARAISO DO TOCANTINS,,-10.596347,-49.191614
ESQUINAO BAR ESPETIN,MUN NOVA ROSALANDIA S/NCENTRONOVA ROSALANDIATO,NOVA ROSALANDIA,,-10.569386,-48.911953
DISTRIBUIDORA TAVARE,AV 10 MADRE VERONICA S/NCENTROCRISTALANDIATO,CRISTALANDIA,,-10.600442,-49.195152
BAR MENDES,AV CONTORNO SN S/NSETOR AEROPORTOCRISTALANDIATO,CRISTALANDIA,,-10.608691,-49.201706
SETE MERCADO,"RUA DO 12 LOTE 06 QDA 14, 1025CENTROPIUMTO",PIUM,,-10.440563,-49.17962
MARCELOS DISTRIBUIDO,RUA RUA 37 QD 60 LT 23 S/NVILA MILENAPARAISO DO TOCANTINSTO,PARAISO DO TOCANTINS,,-10.153858,-48.886894
REAL PRIVE,RUA 16 SN BATE PAPOS BAR S/NSETOR MILENAPARAISO DO TOCANTINSTO,PARAISO DO TOCANTINS,,-10.155943,-48.884533
DISTR ALTERNATIVA,AV BERNARDO SAYAO QD 11 LT 05 S/NCENTRONOVA ROSALANDIATO,NOVA ROSALANDIA,,-10.566355,-48.913506
BAR CAMINHO DE CAS03,"RUA JOAO BANDEIRA QDA11 LT4, 814VALE DO ARAGUAIAPARAISO DO TOCANTINSTO",PARAISO DO TOCANTINS,,-10.15,-48.89
ESQUINA DA CARNE  01,RUA 05 QD. 14 S/NCENTROPUGMILTO,PUGMIL,,-10.425237,-48.89384
LANCH ENCONTRO POR A,PRC MATRIZ S/NCENTROPIUMTO,PIUM,,-10.440833,-49.177776
DIST JACIARA,RUA CINCO SN S/NCELSO ALVES MOURAOCRISTALANDIATO,CRISTALANDIA,,-10.608197,-49.20601
DU MARQUINHOS GRILL,RUA PRESIDENTE MEDICE SN S/NJARDIM PAULISTAPARAISO DO TOCANTINSTO,PARAISO DO TOCANTINS,,-10.160305,-48.890637
DISK CERVEJA      01,"RUA JOAO PIRES QUERIDO, 219CENTROCRISTALANDIATO",CRISTALANDIA,,-10.604776,-49.195713
LU DISTRIBUIDORA,RUA PRESIDENTE MEDICI CHAMBARI DO PARAIBA S/NJARDIM PAULISTAPARAISO DO TOCANTINSTO,PARAISO DO TOCANTINS,,-10.150473,-48.89485
BAR CAJUEIRO      02,RUA ADELIA PUGMIL LT 18 S/NCENTROPUGMILTO,PUGMIL,,-10.427069,-48.897967
BIG BAR           02,"AV DOM JAIME A SHUCK, 767CENTROCRISTALANDIATO",CRISTALANDIA,,-10.605833,-49.1975
DIST MARIA DOS REIS,AV BERNARDO SAYAO CENTRO1 S/NCENTRONOVA ROSALANDIATO,NOVA ROSALANDIA,,-10.575161,-49.01296
SUP CENTRAL       01,"RUA ULISSES GUIMARAES QD 23 LT9 N19, 16CENTRONOVA ROSALANDIATO",NOVA ROSALANDIA,,-10.567545,-48.912838
BAR DA OLIVIA,RUA 31 QUADRA 53 LOTE 04 N S/NSETOR MILENAPARAISO DO TOCANTINSTO,PARAISO DO TOCANTINS,,-10.157265,-48.887894
DIST DE GAS E BEBIDA,RUA 22 DE ABRIL CENTRO S/NCENTRONOVA ROSALANDIATO,NOVA ROSALANDIA,,-10.5679,-48.912617
RUI PIT STOP,AV PERIMETRAL QDA 20 LT 09 S/NSETOR AEROPORTOCRISTALANDIATO,CRISTALANDIA,,-10.606658,-49.20347
WL DIST DE BEBIDAS01,RUA PRACA DA MATRIZ QD 19 LT 10 S/NCENTROPUGMILTO,PUGMIL,,-10.424541,-48.897156
BEER CERVEJARIA,"AV DIOGENES DE BRITO, 22CENTROPALMASTO",PALMAS,,-10.443142,-49.176643
SKALA DISTRIB,"RUA 4 S/N,OCENTROPIUMTO",PIUM,,-10.442298,-49.17696
BAR PE DE MANGA   04,RUA 01 S/NSETOR SAO JOSECRISTALANDIATO,CRISTALANDIA,,-10.610238,-49.20473
CONVENIENCIA MILENA,4A1 TRANSBRAS ESQ COM AV B QDA28 S/NSETOR MILENAPARAISO DO TOCANTINSTO,PARAISO DO TOCANTINS,,-10.155278,-48.884167
MERCADINHO SAO JOS01,"AV AV DIOGENES DE BRITO, 53CENTROPIUMTO",PIUM,,-10.442385,-49.17332
BAR FIM DE TARDE  23,"AV TOCANTINS, 432CENTROCRISTALANDIATO",CRISTALANDIA,,-10.59926,-49.19523
MALU BAR,AV D JAIME SCHUK S/NCENTROCRISTALANDIATO,CRISTALANDIA,,-10.599444,-49.193333
CASA SAO SEBASTIAO,RUA RUA 15 DE NOVEMBRO S/NCENTROCRISTALANDIATO,CRISTALANDIA,,-10.601757,-49.192543
BAR SOCIEDADE,RUA DUERE QDA 18 LOTE 04 S/NANDRELINACRISTALANDIATO,CRISTALANDIA,,-10.607464,-49.191414
DIST E CONV ZERO GRA,"AV DOM JAIME SCHUCK QDA 01 LT 10 SL 02, 2CENTROCRISTALANDIATO",CRISTALANDIA,,-10.598975,-49.193268
CASA DO CHOPP DELIVE,QDA ARSE 92 AV LO 23 LT 15 SALA 01 S/NPLANO DIRETOR SULPALMASTO,PALMAS,,-10.242414,-48.321342
POSTO TUCUNARE    02,QDA ARSE 14 AV NS 8 110 SUL S/NPLANO DIRETOR SULPALMASTO,PALMAS,,-10.186308,-48.3136
DIST BEB NEGAO,QDA 1004 SUL AV NS 4 ALM 14 S/NPLANO DIRETOR SULPALMASTO,PALMAS,,-10.248371,-48.324376
ESPETO NO PONTO   01,AL 01 ARSE 33 0 28 CS 02 S/NCENTROPALMASTO,PALMAS,,-10.197733,-48.318171
MINI BOX DIST LM,QDA 103 SUL AVENIDA LO 1 LOTE 88 SALA 02 S/NPLANO DIRETOR SULPALMASTO,PALMAS,,-10.188806,-48.341683
BAR CENTRAL       10,"RUA RUA 10 NUMERO 1040, 1040CENTROMIRANORTETO",MIRANORTE,,-9.529445,-48.58972
JANTINHA DA ROSI,AV ALFREDO NASCER S/NCENTROMIRANORTETO,MIRANORTE,,-9.531858,-48.592991
AMERICOS BAR,"RUA VILA JACO, 268VILA PLANALTOTOCANTINIATO",TOCANTINIA,,-9.579139,-48.376545
RECANTO CHAPADAO . X,MUN MIRACEMA DO TOCANTINS S/NCENTROMIRACEMA DO TOCANTINSTO,MIRACEMA DO TOCANTINS,,-9.558568,-48.411531
LANCHONETE CRJ,"RUA RUA MARIA MACHADO, 154NOVO HORIZONTEMIRACEMA DO TOCANTINSTO",MIRACEMA DO TOCANTINS,,-9.552767,-48.413975
SOUSAS BAR,"AV GOIAS, 2260CENTROTOCANTINIATO",TOCANTINIA,,-9.57742,-48.378906
BAR PEDROSA,"AV TOCANTINS, 600CENTROMIRANORTETO",MIRANORTE,,-9.53256,-48.587803
SUP PAULISTA 01,AV SALOMAO T. DE MATOS S/NSETOR UNIVERSITARIOMIRACEMA DO TOCANTINSTO,MIRACEMA DO TOCANTINS,,-9.570515,-48.411022
POR DO SOL GASTROBAR,AV ALZELINO LUZ AO LADO DO GUINCHO S/NSETOR UNIVERSITARIOMIRACEMA DO TOCANTINSTO,MIRACEMA DO TOCANTINS,,-9.574426,-48.408411
JJ MERCEARIA,"RUA BEATRIZ SILVA 425, 425CENTROTOCANTINIATO",TOCANTINIA,,-9.560061,-48.37329
COMERCIAL DO SULU,RUA 07. S/NFLAMBOYANT IMIRACEMA DO TOCANTINSTO,MIRACEMA DO TOCANTINS,,-9.568321,-48.411724
DIST DA NICE,"RUA PEDRO ASSUNCAO, 710SETOR FILOMENAMIRACEMA DO TOCANTINSTO",MIRACEMA DO TOCANTINS,,-9.555596,-48.40896
COMERCIAL ALMEIDA 03,"AV ANTONIO WLISSES, 958SETOR UNIVERSITARIOMIRACEMA DO TOCANTINSTO",MIRACEMA DO TOCANTINS,,-9.570291,-48.41087
CANTINHO DO LANCHE,AV ANTONIO ULISSES N 806 S/NFLAMBOYANT IIMIRACEMA DO TOCANTINSTO,MIRACEMA DO TOCANTINS,,-9.568903,-48.410057
LENIS BAR E RESTAURA,"RUA RUA 14 N 775, 775CENTROMIRANORTETO",MIRANORTE,,-9.534445,-48.592777
REST CANAA,"AV POSTO IPE QD 47, 1113CENTROMIRANORTETO",MIRANORTE,,-9.530556,-48.592777
ACOUGUE E CONVENIEN,MUN AV CASTELO BRANCO QD 103 LT 17 S/NPLANO DIRETOR SULMIRANORTETO,MIRANORTE,,-9.538333,-48.590557
COMERCIAL JG,"RUA 16 QUADRA 26 LOTE 11, 405SETOR SULMIRANORTETO",MIRANORTE,,-9.548333,-48.594444
DISK BEBIDAS BARBO01,"AV CASTELO BRANCO, 2CENTROMIRANORTETO",MIRANORTE,,-9.540622,-48.590885
SABORES DA CASA,"AV AEROPORTO, 464SETOR AEROPORTOMIRACEMA DO TOCANTINSTO",MIRACEMA DO TOCANTINS,,-9.56077,-48.37406
ROUTE MERC E BEBIDAS,"AV CASTELO BRANCO, 753CENTROMIRANORTETO",MIRANORTE,,-9.5325,-48.58972
PONTO DA CERVEJA,AV BERNARDO SAYAO - S/NCENTROMIRANORTETO,MIRANORTE,,-9.528361,-48.591087
UPA BAR           01,AV CASTELO BRANCO N 1454 S/NVILA MARIAMIRANORTETO,MIRANORTE,,-9.533515,-48.58968
OPER BAR,RUA 31 2232 CASA 02 S/NCENTROMIRANORTETO,MIRANORTE,,-9.539812,-48.59392
ALTAS HORAS MIRACEMA,"AV PEDRO ASSUSSAO 1791, 1317NOVO HORIZONTEMIRACEMA DO TOCANTINSTO",MIRACEMA DO TOCANTINS,,-9.552418,-48.40867
BOBYS LANCHE      01,"AV BERNARDO SAYAO ESQUINA COM A TOCANTI, 1131CENTROMIRANORTETO",MIRANORTE,,-9.531685,-48.591927
KG DISTRIBUIDORA,"AV PRINCESA ISABEL, 780CENTROMIRANORTETO",MIRANORTE,,-9.528334,-48.589443
RESTAURANTE DA CARMO,AV TOCANTINS Q 51 LT 16 B S/NCENTROMIRANORTETO,MIRANORTE,,-9.532298,-48.589767
PIT STOP          03,RUA RUA MARANHAO 655 S/NCENTROMIRACEMA DO TOCANTINSTO,MIRACEMA DO TOCANTINS,,-9.566715,-48.41842
PEG PAG APARECIDA,RUA 03 1329 S/NNOVO HORIZONTEMIRACEMA DO TOCANTINSTO,MIRACEMA DO TOCANTINS,,-9.552832,-48.409363
ACOGUE CRUZEIRO,RUA 33 N 1941 S/NVILA SAO JOSEMIRANORTETO,MIRANORTE,,-9.537552,-48.5902
POINT DO CHURRASCO01,"RUA 40 CHACARA SAO LOURENCO, 2SETOR UNIVERSITARIOMIRACEMA DO TOCANTINSTO",MIRACEMA DO TOCANTINS,,-9.568789,-48.40152
BAR UNIAO         01,"RUA 5, 480CENTROMIRANORTETO",MIRANORTE,,-9.52495,-48.591156
BAR DO NILSOM,RUA JOAO MACHADO N 423 S/NSETOR SALTINSMIRACEMA DO TOCANTINSTO,MIRACEMA DO TOCANTINS,,-9.552538,-48.414605
BAR MARCELON,RUA 4 SN S/NSETOR AEROPORTOTOCANTINIATO,TOCANTINIA,,-9.554167,-48.372223
DISTRIBUIDORA SANDES,"AV BERNARDO SAYAO QD 02 CASA 377, 377CENTROMIRANORTETO",MIRANORTE,,-9.524853,-48.590468
BORGES BAR        01,RUA 23 N 23 S/NSETOR UNIVERSITARIOMIRACEMA DO TOCANTINSTO,MIRACEMA DO TOCANTINS,,-9.572993,-48.41099
BAR DA TANIA,"RUA 14 SN, 1640CENTROMIRANORTETO",MIRANORTE,,-9.534946,-48.58999
BAR DO ABACATE,RUA 05 SN S/NCENTROMIRANORTETO,MIRANORTE,,-9.525,-48.59111
SUPER SAO JORGE   01,"AV SENADOR FILINTO MILLER QD3 LT6, 532SETOR JAOMIRANORTETO",MIRANORTE,,-9.516751,-48.592712
DIST SOUZA        01,"RUA 3, 1323NOVO HORIZONTEMIRACEMA DO TOCANTINSTO",MIRACEMA DO TOCANTINS,,-9.55267,-48.410152
BAR DO ORIENTE,RUA RUA 33 LOTE 01 S/NVILA SAO JOSEMIRANORTETO,MIRANORTE,,-9.538535,-48.58537
PEG PAG BRASIL    03,"RUA 20, 519CENTROMIRANORTETO",MIRANORTE,,-9.536163,-48.587746
PEG PAG BOM DIA,RUA 25 NUMERO 274 S/NCENTROMIRACEMA DO TOCANTINSTO,MIRACEMA DO TOCANTINS,,-9.573261,-48.40984
DISK CERVEJA BRITO01,"RUA 03, 1292NOVO HORIZONTEMIRACEMA DO TOCANTINSTO",MIRACEMA DO TOCANTINS,,-9.552593,-48.411915
NATAN FONTES DA SILV,AV ZECA PEREIRA N 650 S/NUNIVERSITARIOMIRACEMA DO TOCANTINSTO,MIRACEMA DO TOCANTINS,,-9.57099,-48.407745
COMERCIAL 2 RIACHOS,ROD 342 KM 20 FAZENDA SAO SEBASTIAO S/NVILA JOAOMIRANORTETO,MIRANORTE,,-9.531667,-48.59139
BAR NOSSA SRA APAREC,AV PRINCESA ISABEL S/NCENTROMIRANORTETO,MIRANORTE,,-9.53168,-48.58978
COMERCIAL FRANCO  01,AV AV PRINCESA ISABEL N 212 S/NCENTROMIRANORTETO,MIRANORTE,,-9.523345,-48.58829
CORREA DIST DE BEBID,RUA 24 SN S/NVILA MARIAMIRANORTETO,MIRANORTE,,-9.533896,-48.586723
MAIS UMA DOSE BAR,AV AVENIDA SALOMAO TOMAZ DE MATOS SN S/NSETOR UNIVERSITARIOMIRACEMA DO TOCANTINSTO,MIRACEMA DO TOCANTINS,,-9.568889,-48.41528
LUAU ESPETARIA,AV CN O N 1297 A S/NST UNIVERSITARIOMIRACEMA DO TOCANTINSTO,MIRACEMA DO TOCANTINS,,-9.572426,-48.400091
NOSSO LANCHE      02,RUA RODOVIARIA MIRANORTE S/NCENTROMIRANORTETO,MIRANORTE,,-9.531932,-48.589752
BAR SONHO MEU,"AV AV LURDES SOLINO N 1019, 835CENTROMIRACEMA DO TOCANTINSTO",MIRACEMA DO TOCANTINS,,-9.567066,-48.41089
BAR DA BALSA      01,RUA BEIRA RIO NA BALSA S/NCENTROMIRACEMA DO TOCANTINSTO,MIRACEMA DO TOCANTINS,,-9.571389,-48.380833
IMPERIO BAR E ESPETI,"AV BERNARDO SAYAO, 1100CENTROMIRANORTETO",MIRANORTE,,-9.531091,-48.592148
PLANALTO BAR      01,AV CASTELO BRANCO QDA 114 LOTE 13 S/NCENTROMIRANORTETO,MIRANORTE,,-9.542532,-48.591183
BAR CANTAO ZERO GRAU,RUA DEUSDETE CARNEIRO S/NVILA JACOTOCANTINIATO,TOCANTINIA,,-9.57902,-48.376611
BAR VITORIA       04,RUA FORTALEZA QUADRA 9 LOTE 27 MORADA NO S/NCENTROMIRANORTETO,MIRANORTE,,-9.541655,-48.584694
ACOUGUE KICARNE,"RUA 15 QDA 93 LT 05, 1123VILA MARIAMIRANORTETO",MIRANORTE,,-9.53521,-48.587605
BUTECO RAIZ,RUA RUA 20 QD 24 LT 14 S/NSETOR SULMIRANORTETO,MIRANORTE,,-9.547222,-48.595554
RAVI BEER DISTRIBUID,RUA JOAO MACHADO ESQ RUA 04 S/NNOVO HORIZONTEMIRACEMA DO TOCANTINSTO,MIRACEMA DO TOCANTINS,,-9.553903,-48.41592
JJ BAR,"AV AMAURI NOLASCO, 530FLAMBOYANT 2MIRACEMA DO TOCANTINSTO",MIRACEMA DO TOCANTINS,,-9.568814,-48.407738
PANIF. FRESCO PAO 01,"AV TOCANTINS 761, 761CENTROMIRANORTETO",MIRANORTE,,-9.532242,-48.589905
DOSE DUPLA DISTRIBUI,"AV TOCANTINS, 753051VILA MARIAMIRANORTETO",MIRANORTE,,-9.532336,-48.589658
GAUCHO PIZZARIA,"MUN MIRACEMA DO TOCANTINS, 21CENTROMIRACEMA DO TOCANTINSTO",MIRACEMA DO TOCANTINS,,-9.571206,-48.416607
PEG PAG NOGUEIRA  01,AV TERCEIRA ESQUINA COM RUA 22 S/NSETOR SULMIRANORTETO,MIRANORTE,,-9.547335,-48.596333
COMER E ACOUG MIRAND,AV ALMI VASCONCELOS QDA 75 LOTE 01 S/NSETOR UNIVERSITARIOMIRACEMA DO TOCANTINSTO,MIRACEMA DO TOCANTINS,,-9.572825,-48.410133
WR DISTRIBUIDORA  01,AV OSCAR SOARES PAZ SN QDA 58 LT 17 S/NSETOR UNIVERSITARIOMIRACEMA DO TOCANTINSTO,MIRACEMA DO TOCANTINS,,-9.569585,-48.415841
BAR MIRACEMA      02,AV AVENIDA TOCANTINS SN S/NFLAMBOYANT IMIRACEMA DO TOCANTINSTO,MIRACEMA DO TOCANTINS,,-9.561111,-48.41028
BAR SAO JOSE      02,AV AVENIDA FELINTO MULLER SN S/NVILA JAOMIRANORTETO,MIRANORTE,,-9.516389,-48.593056
ENCO DO AMGS EMPORIO,"RUA MARIA MACHADO 120, 287NOVO HORIZONTE 2MIRACEMA DO TOCANTINSTO",MIRACEMA DO TOCANTINS,,-9.555165,-48.41403
BAR DA DALVA      02,AV JOSE AMACIO DE CARVALHO S/NCENTROMIRANORTETO,MIRANORTE,,-9.531783,-48.589386
PEG PAG SILVA     02,"RUA 24 ESQ C RUA 35, 940CENTROMIRANORTETO",MIRANORTE,,-9.539918,-48.587692
CASA DE CARNE IMPERI,AV TOCANTINS 769 S/NVILA MARIAMIRANORTETO,MIRANORTE,,-9.532245,-48.589886
BAR XAVIER II     01,"AV CASTELO BRANCO, 1484CENTROMIRANORTETO",MIRANORTE,,-9.533627,-48.589626
ALPHA ACAITERIA,AV IRMA EMA RODOLFO NAVARRO S/NUNIVERSITARIOMIRACEMA DO TOCANTINSTO,MIRACEMA DO TOCANTINS,,-9.569705,-48.40761
ADEGA E BAR ALTAS HO,"AV CASTELO BRANCO, 2392VILA MARIAMIRANORTETO",MIRANORTE,,-9.541667,-48.59083
FILHOS BAR,"AV AV CASTELO BRANCO, 2083VILA MARIAMIRANORTETO",MIRANORTE,,-9.538768,-48.59039
REST O CHAPELAO,AV AV POSTO IP 491 S/NCENTROMIRANORTETO,MIRANORTE,,-9.527703,-48.59264
SE SOBRAR EU VENDO01,"RUA MACHADO 122, 235NOVO HORIZONTE 2MIRACEMA DO TOCANTINSTO",MIRACEMA DO TOCANTINS,,-9.555143,-48.413986
BAR DO DORIEL,RUA 10 QD 09 LOTE 06 S/NSETOR SULMIRANORTETO,MIRANORTE,,-9.542885,-48.590355
FERNANDO S LANCHES,AV BERNARDO SAYAO N 1111 S/NCENTROMIRANORTETO,MIRANORTE,,-9.531103,-48.59202
BRASILEIRINHOS BAR,"AV ALFREDO NASSER, 309CENTROMIRANORTETO",MIRANORTE,,-9.524445,-48.589443
KAMIM DE CASA,"AV TOCANTINS SALA 1 CASA, 900CENTROMIRANORTETO",MIRANORTE,,-9.531667,-48.59139
BOTECO DO JARDEL,AV GOIAS 7 QD GL1 LT 16 S/NNOVO HORIZONTEMIRACEMA DO TOCANTINSTO,MIRACEMA DO TOCANTINS,,-9.549697,-48.409603
BAR E DIST GELA GUEL,MUN PRINCESA IZABEL N 0 N 1100 N 45 S/NCENTROMIRANORTETO,MIRANORTE,,-9.531389,-48.59028
BAR DOS AMIGOS    18,"RUA 22, 853CENTROMIRANORTETO",MIRANORTE,,-9.539444,-48.588333
JM CHAMBARI,"AV BERNARDO SAYAO 1401, 1401CENTROMIRANORTETO",MIRANORTE,,-9.53479,-48.589924
CASA DE CARNE ECONOM,"AV FELINTO MULLER QD 01 LT 02, 2VILA JOAOMIRANORTETO",MIRANORTE,,-9.518817,-48.591805
COMERCIAL CASTRO,"AV SALVADOR NOLETO N, 514FLAMBOYANTMIRACEMA DO TOCANTINSTO",MIRACEMA DO TOCANTINS,,-9.566582,-48.412167
ESPETINHO DO JAMBU,RUA RUA BEATRIZ SILVA N 0 S/NVILA PLANALTOTOCANTINIATO,TOCANTINIA,,-9.559763,-48.373276
PRIMUS DISTRIBUIDO01,AV CASTELO BRANCO N 2039 S/NCENTROMIRANORTETO,MIRANORTE,,-9.53837,-48.590338
COMERCIAL TOCANTIN01,RUA 42 S/NSETOR SULMIRANORTETO,MIRANORTE,,-9.540608,-48.58877
LANCHE ARCO IRIS,"RUA TOCANTINS, RODOVIARIA S/NCENTROMIRANORTETO",MIRANORTE,,-9.53191,-48.589855
BAR DAS TIUBA,ROD ENTRADA PARA DOIS IRMAOS KM 20 S/NCENTROMIRANORTETO,MIRANORTE,,-9.531667,-48.59139
DISTRIBUIDORA DESTAC,"RUA ARAGUACEMA, 40SANTA FILOMENAMIRACEMA DO TOCANTINSTO",MIRACEMA DO TOCANTINS,,-9.555192,-48.408413
BAR DO RADIN,RUA 24C QD 103 LOTE 17 S/NAURENY IIIPALMASTO,PALMAS,,-10.316667,-48.32111
POINT DO XERO,RUA 02 DE JULHO SN LOTE 01 QUIOSQUE S/NAURENY IIPALMASTO,PALMAS,,-10.326944,-48.3
DEDIS BEER CONVENIE,RUA 14 QUADRA 31 LOTE S/NJARDIM AURENY IIPALMASTO,PALMAS,,-10.329164,-48.301872
BARBEARIA MATRIX,AV J QUADRA 153 LOTE 01 S/NAURENY IIIPALMASTO,PALMAS,,-10.309167,-48.316944
BAR DO VILSON,RUA 28 QUADRA 119 LOTE 03 S/NAURENY IIIPALMASTO,PALMAS,,-10.313333,-48.32
DIST PE DE MANGA,RUA 44 QUADRA 171 LOTE 04 S/NAURENY IIIPALMASTO,PALMAS,,-10.307222,-48.31361
MERCEARIA DO ZEQUINH,AV 1 LOTE 24 QUADRA 37 S/NAURENY IIPALMASTO,PALMAS,,-10.3275,-48.304165
MAX SUPER,"AV 1 QDA 02 LT 02A, 2JARDIM AURENI II (TAPALMASTO",PALMAS,,-10.328105,-48.300086
REST SABOR DA DRICA,RUA 24 C QDA 103 LOTE 19 CASA 03 S/NPLANO DIRETOR NORTEPALMASTO,PALMAS,,-10.316373,-48.321186
MINI BOX ESP IPANEMA,RUA R 24C LT 7A QDA 102 S/NAURENY IIIPALMASTO,PALMAS,,-10.315845,-48.321308
DIST BEBA MAIS    01,AV UNIAO NUMERO 01 S/NUNIAO SULPALMASTO,PALMAS,,-10.302784,-48.32059
DISTRI BRAGA,RUA 24 C QD 102 LT 03 S/NAURENY IIIPALMASTO,PALMAS,,-10.315556,-48.32111
BARHREM,AV E QDA 195 LT 24 SL 02 S/NJARDIM AURENI III (TPALMASTO,PALMAS,,-10.303473,-48.317769
ESQUINA VERDE,AV J LOTE SN LOTE 03 S/NJARDIM AURENI III (TPALMASTO,PALMAS,,-10.309152,-48.316517
HOTEL TERRA,"RUA 4 QUADRA 7 LOTE 20, 20AURENY IIPALMASTO",PALMAS,,-10.325343,-48.298411
RECANTO DO GIRASSOL,QDA 123 RUA 33 LOTE 03 S/NAURENY IIIPALMASTO,PALMAS,,-10.313056,-48.316387
CS DE CARNE BOM GOST,RUA RUA DOIS DE JULHO QD 21 LT 13 CS 01 S/NAURENY IIPALMASTO,PALMAS,,-10.326667,-48.3
COMERCIAL CARVALHO,RUA 22 QD 40 LT 14 SC S/NAURENY IIPALMASTO,PALMAS,,-10.325,-48.302776
MERCEARIA DO SERAFIM,RUA PERIMENTAL QDA 45 LT 04 S/NAURENY IIPALMASTO,PALMAS,,-10.3275,-48.30611
CS DE CARNE BOM FI01,AV E QDA 107 LT 22 S/NAURENY IIIPALMASTO,PALMAS,,-10.316112,-48.3175
CLINICA DA CERVEJA,RUA PROFESSOR RIBAMAR QD 18 LOTE 05 S/NAURENY IIPALMASTO,PALMAS,,-10.328611,-48.301945
COMERCIAL GARCIA,QDA 124 SN LOTE 15 S/N -QI30 LT21AURENY IIIPALMASTO,PALMAS,,-10.315054,-48.315952
BAR SO MODAO,RUA 02 DE JULHO QUADRA 08 LOTE 04 S/NAURENY IPALMASTO,PALMAS,,-10.324166,-48.29972
DG MASSA E BAR,QDA QDA 141 SN LT 01 RUA 42 CS 01 S/NAURENY III TAQUARALTPALMASTO,PALMAS,,-10.311327,-48.314195
AKITEM MAIS,AV J QDA 152 LT 3 CM A RUA 34 S/N -SL 01JARDIM AURENI III (TPALMASTO,PALMAS,,-10.309014,-48.317166
CHEF GASTROBAR,RUA RUA NC 04 QD 40 LOTE 20 S/NAURENY IIPALMASTO,PALMAS,,-10.323783,-48.304083
ADEGA 63,"AV I QDA 26 LT 15, 15JARDIM AURENI III (TPALMASTO",PALMAS,,-10.315161,-48.313901
FRUTIVIDA,RUA 33 QDA 124 LOTE 3 CASA 1 S/NAURENY IIIPALMASTO,PALMAS,,-10.313082,-48.315679
DIST AURENY 2,RUA 8 SN QUADRA 24 LOTE 01 S/NJARDIM AURENI II (TAPALMASTO,PALMAS,,-10.32522,-48.301033
BAR DO PETECA,QDA 161 LOTE 14 CASA 03 S/NAURENY IIIPALMASTO,PALMAS,,-10.308886,-48.322213
CERV E ESP JOPLINS,"RUA 4 QDA 31 LT 17B, 17SETOR SANTA BARBARAPALMASTO",PALMAS,,-10.337911,-48.303153
BAR DO RAIMUNDIM,AV CONTORNO QDA 16 LT 20 A S/NSANTA BARBARAPALMASTO,PALMAS,,-10.33795,-48.307148
RANCHO NATHYS,RUA DAS BEGONIAS QDA 18 LT 24 SALA 2 SET JANAINA STAQUARALTOPALMASTO,PALMAS,,-10.351831,-48.302067
REST DA FAMILIA,RUA RUA NC 04 SOL NASCENTE QDA 45 LT 06 S/NBELA VISTAPALMASTO,PALMAS,,-10.352473,-48.293985
MERCADO SUPER MINAS,QDA 31 LOTE 25 AV IPHANEMA S/NJARDIM VITORIAPALMASTO,PALMAS,,-10.360496,-48.31786
CASCATA BAR,"10A RUA NS 19 QD 14 LOTE 11, 11BELA VISTAPALMASTO",PALMAS,,-10.346389,-48.2925
DISTRIBUIDORA JR  05,RUA 4 LOTE 28 S/NSETOR SANTA BARBARAPALMASTO,PALMAS,,-10.337975,-48.30303
ATACAREJO BAHIA,AV IPHANEMA QDA 46 LT 09 S/NSOL NASCENTEPALMASTO,PALMAS,,-10.353122,-48.291817
RECANTO DA AMIZADE,RUA P5 LT 24 QDA 14 SETOR SUL S/NTAQUARALTOPALMASTO,PALMAS,,-10.339499,-48.300144
BAR CRISTAL,AV GOIAS QD.27 LOTE 17 S/NSANTA BARBARAPALMASTO,PALMAS,,-10.3375,-48.305832
MINI BOX H2,RUA 12 QDA 12 LT 18 A SALA 01 S/NSETOR SANTA BARBARAPALMASTO,PALMAS,,-10.338324,-48.309106
RESTAURANTE CONTORNO,QDA QDA 26 SN LT 01B AV CONTORNO S/N -TAQUARALTOSANTA BARBARAPALMASTO,PALMAS,,-10.337251,-48.306983
DISTR ALENCAR,DIS QUADRA 12 RUA 12 LT 18A S/NCENTROPALMASTO,PALMAS,,-10.338246,-48.308906
DIST DE BEBIDAS PREM,QDA QUADRA 26 SN LT 15 AV GOIAS S/NSANTA BARBARAPALMASTO,PALMAS,,-10.337572,-48.306635
CASA DE CARNE JC,RUA NC 12 QDA 21 LOTE 15 S/NBELA VISTAPALMASTO,PALMAS,,-10.349511,-48.295685
CHARME MOTEL,CHC 14 SOL NASCENTE TAQUARALTO S/NMORADA DO SOLPALMASTO,PALMAS,,-10.353113,-48.301191
EMPORIO DO GAGO,AV IPANEMA N 0 QD 32 S/N -LT 32JARDIM VITORIAPALMASTO,PALMAS,,-10.360471,-48.315937
COMERCIAL BOA ESPERA,RUA RUA NC 14 QUADRA 24 LOTE 5 S/N -BELA VISTATAQUARALTOPALMASTO,PALMAS,,-10.34917,-48.293655
MOURAO ATACAREJO,QDA 38 LOTE 16 SALA A B S/NAURENY IVPALMASTO,PALMAS,,-10.304049,-48.303642
EMPORIO DU BAIRRO 02,RUA NC 12 QD 03 LT 32 SALA01 S/NSETOR BELA VISTA (TAPALMASTO,PALMAS,,-10.355284,-48.306237
MANGUEIRAS BAR    01,RUA 2 QUADRA 08 LOTE 01A S/NSANTA BARBARAPALMASTO,PALMAS,,-10.342405,-48.301978
COMERCIAL BORGES.,RUA PS 26 QUADRA 33 LOTE 05 S/NPLANO DIRETOR SULPALMASTO,PALMAS,,-10.358611,-48.2925
BAR DO AMADO      02,RUA DAS ORQUIDEAS ASDA 13 LOTE 02 S/NJARDIM BELA VISTAPALMASTO,PALMAS,,-10.355038,-48.305885
BAR E DIST FILEMON,RUA 08 QUADRA 27 LOTE 17A CASA 02 S/NSANTA BARBARAPALMASTO,PALMAS,,-10.3375,-48.305832
DISTRIBUIDORA CHAMEL,RUA LO 11 QD 15 LT 26 S/NFLAMBOYANTPALMASTO,PALMAS,,-10.339641,-48.333268
